COMUNE,fromPlaceName,fromPalceCord,toPlaceName,toPlaceCord,date,time,duration,poligono
Bagni di Lucca,Lucca,"43.84281,10.50238",Bagni di Lucca,"44.0089207,10.5743811",10-01-2023,8:00pm,4338,"[[10.620378, 44.1172372], [10.6286873, 44.1175548], [10.6298361, 44.1171567], [10.6307102, 44.116676], [10.6383585, 44.1117049], [10.641858, 44.1085666], [10.6424031, 44.1079465], [10.6429892, 44.1074519], [10.6434428, 44.1071393], [10.6441585, 44.1068139], [10.6451063, 44.1067462], [10.6471806, 44.1067523], [10.6482835, 44.1068714], [10.6490551, 44.1072114], [10.6499537, 44.1076216], [10.6518236, 44.1083598], [10.6547652, 44.1094427], [10.6565069, 44.1096155], [10.665, 44.109474], [10.6658686, 44.1092587], [10.6786699, 44.1059337], [10.681492, 44.1049919], [10.6824251, 44.104411], [10.6855706, 44.1016636], [10.6864834, 44.1008129], [10.6871108, 44.1000293], [10.6877616, 44.0991914], [10.6882769, 44.0984185], [10.6887908, 44.0976007], [10.690235, 44.0961118], [10.692568, 44.0942496], [10.6930272, 44.0941437], [10.6962427, 44.09388], [10.6982409, 44.0938593], [10.699341, 44.0938879], [10.7002801, 44.093964], [10.7010683, 44.0940063], [10.7020176, 44.0940011], [10.7060344, 44.0929328], [10.706959, 44.0925049], [10.7104627, 44.0905438], [10.7113302, 44.0898736], [10.711888, 44.089289], [10.7125178, 44.0886043], [10.7148245, 44.0867331], [10.717753, 44.0847714], [10.7211228, 44.0833882], [10.7223223, 44.082974], [10.723078, 44.0780288], [10.7250869, 44.0637825], [10.7249913, 44.0630727], [10.724733, 44.0623473], [10.7243887, 44.0616683], [10.7238478, 44.0606681], [10.7204037, 44.0546969], [10.719775, 44.05368], [10.719117, 44.0529426], [10.7186992, 44.0518775], [10.7184732, 44.0509716], [10.7184514, 44.0502156], [10.7185979, 44.0483768], [10.7189582, 44.0438945], [10.7214783, 44.0418061], [10.7250448, 44.0395465], [10.7257738, 44.0392924], [10.7308833, 44.0386028], [10.7363167, 44.0272123], [10.7371055, 44.0255977], [10.7373474, 44.0253329], [10.7377975, 44.024939], [10.7335741, 44.0204565], [10.7332945, 44.0202807], [10.7275028, 44.0184777], [10.7233772, 44.0173246], [10.7229765, 44.0172766], [10.7220558, 44.0173625], [10.718862, 44.0177978], [10.7132999, 44.0183135], [10.7124514, 44.0183082], [10.711937, 44.0182079], [10.7075382, 44.0157888], [10.7055068, 44.0145587], [10.700435, 44.0112671], [10.699989, 44.0109406], [10.6972782, 44.0077488], [10.6969407, 44.0072856], [10.6967162, 44.0068478], [10.696542, 44.0064272], [10.6961899, 44.0054511], [10.6960763, 44.0049666], [10.6959856, 44.0035364], [10.6959616, 44.0031316], [10.6959872, 44.0027171], [10.6960286, 44.0024194], [10.6959891, 44.0019068], [10.6957807, 44.0007214], [10.6944346, 43.9990038], [10.680465, 43.9870557], [10.677798, 43.9848981], [10.6767737, 43.9843909], [10.6750195, 43.9849749], [10.6730255, 43.9856793], [10.6638129, 43.985097], [10.6527155, 43.9843229], [10.6373883, 43.9832156], [10.6357304, 43.9825506], [10.6215056, 43.9759919], [10.6152587, 43.9704511], [10.6134337, 43.9670443], [10.608117, 43.9618456], [10.6061791, 43.9601239], [10.6020891, 43.9568141], [10.6015854, 43.9567356], [10.5996179, 43.9566867], [10.5990075, 43.9566952], [10.5984715, 43.9566937], [10.598081, 43.9566564], [10.5925116, 43.954274], [10.5915251, 43.9537341], [10.5900253, 43.9534578], [10.5893987, 43.953444], [10.5888341, 43.9536545], [10.5867661, 43.9546218], [10.5865224, 43.95483], [10.5845851, 43.9566171], [10.5804703, 43.9624227], [10.5766816, 43.9698669], [10.5802456, 43.9714585], [10.5827418, 43.9764973], [10.5761532, 43.9775765], [10.5692922, 43.9828794], [10.5647995, 43.9870049], [10.564384, 43.9873876], [10.5637496, 43.9879793], [10.5635918, 43.988265], [10.5636018, 43.988643], [10.5637147, 43.9891457], [10.5639889, 43.9900873], [10.5693396, 44.0050224], [10.5701826, 44.005416], [10.5703442, 44.0055128], [10.5725444, 44.0069929], [10.5730092, 44.0075874], [10.5726208, 44.0088217], [10.572224, 44.0093854], [10.5716231, 44.0098956], [10.5712897, 44.0097899], [10.5645516, 44.0075865], [10.5636149, 44.0071852], [10.5631945, 44.0068533], [10.562898, 44.0064883], [10.5626458, 44.0061451], [10.5625569, 44.006027], [10.5616752, 44.0050464], [10.5611766, 44.0045851], [10.560271, 44.0038232], [10.5596343, 44.0033277], [10.5568792, 44.0014746], [10.5552193, 44.0007229], [10.5526882, 44.0000371], [10.5522688, 44.0002183], [10.5513403, 44.0007216], [10.5415332, 44.0126262], [10.5398779, 44.0154261], [10.5393876, 44.0167291], [10.539371, 44.0172921], [10.5394627, 44.0176775], [10.5409584, 44.0186077], [10.5440936, 44.0206721], [10.5484311, 44.0238546], [10.5511739, 44.0261582], [10.5557174, 44.0309852], [10.5561726, 44.0316902], [10.5626429, 44.0417711], [10.5690264, 44.0457621], [10.5693743, 44.0460566], [10.5709911, 44.0474862], [10.572006, 44.050342], [10.5729978, 44.0529123], [10.5738245, 44.0543144], [10.5753197, 44.0567967], [10.5804267, 44.0648043], [10.5899398, 44.0731443], [10.5903586, 44.0736291], [10.5904964, 44.0766748], [10.5924954, 44.0869466], [10.5944641, 44.0876934], [10.5956122, 44.0881185], [10.5959993, 44.0881131], [10.5967676, 44.0878863], [10.5975334, 44.0879116], [10.5977178, 44.087918], [10.5977877, 44.0879621], [10.5982007, 44.0882264], [10.6007088, 44.0904421], [10.6034469, 44.0937709], [10.6079326, 44.1011804], [10.6080519, 44.1014308], [10.608524, 44.1068621], [10.6084605, 44.1072861], [10.6082445, 44.1076133], [10.6079396, 44.1078877], [10.6077086, 44.108125], [10.6070492, 44.1091517], [10.6069095, 44.1095318], [10.6068064, 44.1098753], [10.6066941, 44.1103451], [10.6066953, 44.1108492], [10.6066986, 44.1118935], [10.6068286, 44.1125399], [10.6070519, 44.1129419], [10.6092803, 44.1163138], [10.6096641, 44.1166415], [10.6104497, 44.1170355], [10.6169803, 44.1182127], [10.6177776, 44.1181204], [10.6182247, 44.118015], [10.6188067, 44.1178177], [10.620378, 44.1172372]]"
Barga,Lucca,"43.84281,10.50238",Barga,"44.07326495,10.4775162",10-01-2023,8:00pm,99998,"[[10.5251217, 44.1562359], [10.5272311, 44.1560817], [10.5297251, 44.1558053], [10.5310531, 44.1554183], [10.5322564, 44.1550421], [10.5437451, 44.1496296], [10.5526019, 44.145008], [10.577509, 44.1319003], [10.5778029, 44.1316711], [10.5805042, 44.129374], [10.5810327, 44.1280972], [10.5834879, 44.1202665], [10.5774946, 44.1203224], [10.5749188, 44.1202769], [10.5742773, 44.1201237], [10.5703297, 44.1187736], [10.5699007, 44.1186174], [10.5686883, 44.1181389], [10.5679039, 44.1177805], [10.5666642, 44.1172124], [10.5615755, 44.1147522], [10.5440023, 44.1060059], [10.5435562, 44.1056698], [10.5430055, 44.1051551], [10.5410533, 44.1016702], [10.5409084, 44.101384], [10.5377765, 44.0943137], [10.5356945, 44.0882016], [10.5350826, 44.0853108], [10.5315735, 44.077111], [10.5314273, 44.0767708], [10.5312178, 44.0763955], [10.5284207, 44.0725255], [10.5280233, 44.0721257], [10.521184, 44.0678954], [10.5193614, 44.0669384], [10.517136, 44.0658515], [10.5152927, 44.0645705], [10.5134375, 44.0628125], [10.501833, 44.0497669], [10.5014708, 44.0492675], [10.5002925, 44.0475903], [10.5001573, 44.047178], [10.500084, 44.0467468], [10.4997155, 44.0445098], [10.4990861, 44.0423213], [10.4989924, 44.0420704], [10.4989389, 44.0419271], [10.498325, 44.0413409], [10.4973858, 44.040723], [10.4910629, 44.0369433], [10.4863322, 44.0389136], [10.4683554, 44.0427744], [10.467873, 44.0429517], [10.4673783, 44.0431381], [10.4669717, 44.0433504], [10.4599332, 44.0474651], [10.4588652, 44.048199], [10.4564571, 44.0507866], [10.4562143, 44.0510688], [10.4559992, 44.0514587], [10.4558475, 44.0518928], [10.4557968, 44.0523706], [10.4548532, 44.0551286], [10.4509609, 44.0608637], [10.4506106, 44.0613453], [10.4503686, 44.0616635], [10.4500279, 44.0620279], [10.4497017, 44.0623472], [10.4493559, 44.0626307], [10.4478629, 44.0637435], [10.4466114, 44.0646507], [10.4461277, 44.065296], [10.4459256, 44.0657128], [10.4435216, 44.0716043], [10.4434427, 44.0718258], [10.4433814, 44.0720022], [10.4432679, 44.0724718], [10.4431694, 44.0730402], [10.4431058, 44.0735092], [10.4427823, 44.0745847], [10.4440837, 44.0813656], [10.4526465, 44.0898326], [10.4558373, 44.091201], [10.4563167, 44.091393], [10.4573935, 44.0914963], [10.4573332, 44.0910739], [10.4574254, 44.0907576], [10.4577428, 44.0904564], [10.4582129, 44.0902704], [10.4587509, 44.0903085], [10.462678, 44.0910056], [10.4641607, 44.0913557], [10.470585, 44.0940192], [10.471659, 44.0945095], [10.4779053, 44.0980211], [10.4894278, 44.1091164], [10.4938842, 44.1153875], [10.4939928, 44.1157282], [10.4939776, 44.1161155], [10.4939115, 44.1164675], [10.4937974, 44.1167751], [10.4935771, 44.1170841], [10.4932709, 44.1173312], [10.4918196, 44.1182594], [10.4914747, 44.118462], [10.4911671, 44.1186551], [10.4905922, 44.1191488], [10.4903811, 44.1197007], [10.4898577, 44.1242361], [10.4898204, 44.1247408], [10.4899069, 44.1251988], [10.4900677, 44.1256289], [10.4903319, 44.1261926], [10.4931608, 44.1293338], [10.4939267, 44.129963], [10.4966256, 44.1318993], [10.4972806, 44.1320978], [10.4980083, 44.1322053], [10.5042652, 44.1359134], [10.5076815, 44.1419455], [10.5105489, 44.1475075], [10.5105497, 44.1480297], [10.5105737, 44.1484795], [10.5117157, 44.1515795], [10.5119906, 44.152062], [10.5122767, 44.1524904], [10.5136957, 44.1541912], [10.5140269, 44.1544299], [10.5198969, 44.1560895], [10.522376, 44.1566957], [10.52298, 44.1568407], [10.5236827, 44.1569304], [10.5249309, 44.1570038], [10.5251217, 44.1562359]]"
Borgo a Mozzano,Lucca,"43.84281,10.50238",Borgo a Mozzano,"43.98057185,10.54311025",10-01-2023,8:00pm,2961,"[[10.5035077, 44.0219653], [10.5052234, 44.0224604], [10.5317888, 44.0196021], [10.53568, 44.0201485], [10.536133, 44.0201751], [10.5366436, 44.0201389], [10.5374173, 44.0199023], [10.5378146, 44.019646], [10.5389647, 44.0185873], [10.5392041, 44.0181946], [10.5394627, 44.0176775], [10.539371, 44.0172921], [10.5393876, 44.0167291], [10.5398779, 44.0154261], [10.5415332, 44.0126262], [10.5513403, 44.0007216], [10.5522688, 44.0002183], [10.5526882, 44.0000371], [10.5552193, 44.0007229], [10.5568792, 44.0014746], [10.5596343, 44.0033277], [10.560271, 44.0038232], [10.5611766, 44.0045851], [10.5616752, 44.0050464], [10.5625569, 44.006027], [10.5626458, 44.0061451], [10.562898, 44.0064883], [10.5631945, 44.0068533], [10.5636149, 44.0071852], [10.5645516, 44.0075865], [10.5712897, 44.0097899], [10.5716231, 44.0098956], [10.572224, 44.0093854], [10.5726208, 44.0088217], [10.5730092, 44.0075874], [10.5725444, 44.0069929], [10.5703442, 44.0055128], [10.5701826, 44.005416], [10.5693396, 44.0050224], [10.5639889, 43.9900873], [10.5637147, 43.9891457], [10.5636018, 43.988643], [10.5635918, 43.988265], [10.5637496, 43.9879793], [10.564384, 43.9873876], [10.5647995, 43.9870049], [10.5692922, 43.9828794], [10.5761532, 43.9775765], [10.5827418, 43.9764973], [10.5802456, 43.9714585], [10.5766816, 43.9698669], [10.5804703, 43.9624227], [10.5845851, 43.9566171], [10.5865224, 43.95483], [10.5867661, 43.9546218], [10.5888341, 43.9536545], [10.5893987, 43.953444], [10.5900253, 43.9534578], [10.5915251, 43.9537341], [10.592657, 43.9513189], [10.5927248, 43.9510568], [10.592431, 43.9498545], [10.5920873, 43.9486528], [10.5919433, 43.9483937], [10.5917229, 43.9480727], [10.5915866, 43.9476334], [10.5917755, 43.9472436], [10.5919549, 43.946962], [10.5924941, 43.9461532], [10.5954749, 43.9429874], [10.5924216, 43.9387714], [10.5919833, 43.9382193], [10.5915674, 43.9380451], [10.5871533, 43.9374492], [10.5865093, 43.9375932], [10.5861541, 43.9378232], [10.5856434, 43.9382985], [10.5851763, 43.9385391], [10.5832428, 43.9393942], [10.5761509, 43.9411939], [10.5752782, 43.941296], [10.5743232, 43.9413452], [10.5737644, 43.9414159], [10.5704528, 43.9424698], [10.5643296, 43.9446516], [10.5545418, 43.9477744], [10.5434786, 43.9507695], [10.5342036, 43.9496789], [10.5336118, 43.9494438], [10.531661, 43.9486957], [10.5311959, 43.9485399], [10.5272591, 43.9480974], [10.5260763, 43.9481402], [10.5229786, 43.9527372], [10.5175485, 43.9582656], [10.5171578, 43.9585859], [10.5163979, 43.9590911], [10.5155079, 43.9596296], [10.5154527, 43.9596619], [10.5128858, 43.9582194], [10.5096737, 43.9563891], [10.5093798, 43.9561049], [10.5060533, 43.9527005], [10.5056816, 43.9522913], [10.5054614, 43.951961], [10.5052514, 43.9515406], [10.5004697, 43.9373332], [10.5004115, 43.9370008], [10.5004781, 43.9366758], [10.5006189, 43.9363318], [10.5009319, 43.9358955], [10.5012236, 43.9356036], [10.5012966, 43.9355351], [10.5015402, 43.9353113], [10.5019822, 43.9350534], [10.5024532, 43.9349572], [10.5040934, 43.9347825], [10.5046283, 43.9347485], [10.50635, 43.9348428], [10.5067552, 43.9311551], [10.4960251, 43.9225628], [10.4956728, 43.9224233], [10.4902511, 43.9247901], [10.4884278, 43.9256061], [10.4861611, 43.926626], [10.485794, 43.9268919], [10.4855245, 43.9270755], [10.4849117, 43.9274796], [10.4834232, 43.9282372], [10.4756969, 43.9296428], [10.4721929, 43.9290037], [10.4669451, 43.9263432], [10.4655556, 43.9255597], [10.4635064, 43.9242895], [10.4548853, 43.9268035], [10.4485581, 43.9304403], [10.4482884, 43.9306238], [10.4476659, 43.9311539], [10.4473635, 43.9315268], [10.4440272, 43.9363904], [10.4438256, 43.9366855], [10.4437699, 43.9369563], [10.4438018, 43.9372441], [10.444475, 43.9382889], [10.4447536, 43.9384745], [10.4504427, 43.9413465], [10.4532587, 43.9428773], [10.4575941, 43.9469187], [10.4568205, 43.9504489], [10.4564168, 43.9507601], [10.4543976, 43.9558548], [10.4542617, 43.9564147], [10.4541308, 43.9571817], [10.4578171, 43.960628], [10.4615513, 43.962453], [10.4617368, 43.9625181], [10.4620982, 43.9626418], [10.4631778, 43.9627023], [10.4729919, 43.9628733], [10.4736024, 43.9628654], [10.4741992, 43.9628037], [10.4747833, 43.9627331], [10.4752172, 43.9626375], [10.4755991, 43.9624525], [10.4758928, 43.9622326], [10.4764426, 43.9617843], [10.476789, 43.9616808], [10.4771243, 43.9616315], [10.4771896, 43.9616239], [10.4814142, 43.9622151], [10.4867582, 43.9640814], [10.4864897, 43.9653094], [10.4849767, 43.9716224], [10.4814272, 43.9726431], [10.4807413, 43.9727578], [10.4805361, 43.9730306], [10.4805348, 43.9734808], [10.4829838, 43.976204], [10.4835081, 43.9767284], [10.4841717, 43.977341], [10.4860112, 43.9786136], [10.4863402, 43.9788074], [10.4869573, 43.9790515], [10.4873842, 43.9791719], [10.4881318, 43.9791532], [10.4889685, 43.9792053], [10.4895584, 43.9793597], [10.4899624, 43.9795615], [10.4903299, 43.9797998], [10.4906988, 43.9800921], [10.4910059, 43.9804032], [10.49129, 43.9807957], [10.4935575, 43.9842053], [10.4935965, 43.9862576], [10.4914241, 43.9926243], [10.4901239, 43.9929924], [10.4825346, 43.9947207], [10.4820866, 43.9947626], [10.4813137, 43.9947726], [10.4808766, 43.9947513], [10.4788506, 43.9945254], [10.4783751, 43.9944595], [10.4665343, 43.9952536], [10.4650962, 43.9971245], [10.4649969, 43.997648], [10.4666034, 44.0037519], [10.4730774, 44.011578], [10.4696132, 44.0144474], [10.4689955, 44.0148326], [10.4716217, 44.0165261], [10.4836248, 44.0194477], [10.4883265, 44.0245995], [10.4897492, 44.0263546], [10.4921005, 44.0307985], [10.4927517, 44.0322287], [10.5035077, 44.0219653]]"
Camporgiano,Lucca,"43.84281,10.50238",Camporgiano,"44.15955695,10.3330076",10-01-2023,8:00pm,5585,"[[10.3080585, 44.1746745], [10.3102947, 44.1745408], [10.3106632, 44.1745163], [10.3107818, 44.1745082], [10.3151597, 44.1728013], [10.3154662, 44.1726627], [10.3157757, 44.1725151], [10.3163836, 44.172148], [10.3166781, 44.1718925], [10.3170584, 44.1709968], [10.3172482, 44.1706705], [10.3176444, 44.1704859], [10.3181205, 44.1703814], [10.3185562, 44.1702863], [10.3190893, 44.1702171], [10.3196698, 44.1701654], [10.3199133, 44.1701446], [10.3235733, 44.1704804], [10.3329411, 44.1677965], [10.3388215, 44.1627535], [10.3474068, 44.1558552], [10.3478228, 44.1555892], [10.348255, 44.1553501], [10.3488989, 44.1550724], [10.3493578, 44.1549049], [10.3497687, 44.154828], [10.3502936, 44.1548128], [10.3507582, 44.1548973], [10.3514006, 44.1550968], [10.3520568, 44.1553591], [10.3525608, 44.1555242], [10.3531357, 44.1555084], [10.3575133, 44.1544481], [10.3581709, 44.1542242], [10.3588121, 44.1538295], [10.3592143, 44.1533745], [10.3595653, 44.1528662], [10.360877, 44.1507708], [10.3611573, 44.1503174], [10.3612237, 44.1499384], [10.3611707, 44.1494011], [10.360835, 44.1478543], [10.3609405, 44.147547], [10.3611918, 44.1470578], [10.3614831, 44.1466762], [10.367655, 44.1399672], [10.3693534, 44.1382632], [10.3831847, 44.1321635], [10.3821934, 44.13227], [10.38205, 44.1322853], [10.3814354, 44.1321937], [10.381156, 44.132008], [10.3779749, 44.1295976], [10.3776929, 44.1292948], [10.3773171, 44.1287232], [10.3740503, 44.125841], [10.368911, 44.1223645], [10.3682071, 44.1219182], [10.3681722, 44.1218962], [10.3667045, 44.1209864], [10.3661858, 44.1207135], [10.3626803, 44.1193599], [10.3614336, 44.1189516], [10.3602251, 44.1185699], [10.3507784, 44.1136987], [10.3438054, 44.1097025], [10.3404057, 44.1162968], [10.3402288, 44.116767], [10.340091, 44.117858], [10.3400488, 44.1182006], [10.3400577, 44.1202532], [10.3401468, 44.1214316], [10.3401947, 44.1218902], [10.3403159, 44.1222759], [10.3405743, 44.122651], [10.3409174, 44.1228991], [10.3412711, 44.123066], [10.3415378, 44.1232519], [10.3417211, 44.1236189], [10.3417274, 44.1238979], [10.3415348, 44.1247735], [10.3413245, 44.1254242], [10.3407507, 44.1271325], [10.3398952, 44.1290963], [10.339585, 44.1297526], [10.3380525, 44.1327416], [10.3365974, 44.1345953], [10.3347121, 44.136364], [10.3343971, 44.1368088], [10.3340316, 44.1372362], [10.333614, 44.1375652], [10.3328025, 44.1381689], [10.3323954, 44.1382749], [10.3322929, 44.1383009], [10.3214373, 44.1362977], [10.320615, 44.1360011], [10.314241, 44.1319872], [10.3122404, 44.1376102], [10.3127988, 44.1385491], [10.3129818, 44.1389071], [10.3131022, 44.1392659], [10.3131485, 44.1396615], [10.3132403, 44.1415466], [10.312795, 44.142326], [10.3118434, 44.1433903], [10.3073642, 44.1460795], [10.3022238, 44.1458682], [10.3012096, 44.1475093], [10.3005676, 44.1484529], [10.297423, 44.1527382], [10.2973666, 44.152732], [10.2969216, 44.1526808], [10.2966053, 44.1525134], [10.2939351, 44.1504909], [10.2938463, 44.1498617], [10.2938521, 44.1495555], [10.2938956, 44.1492579], [10.2938592, 44.1487362], [10.2936138, 44.1483788], [10.293371, 44.1481385], [10.2927032, 44.147903], [10.2871037, 44.1467103], [10.286589, 44.146617], [10.2858371, 44.1465355], [10.2782591, 44.1459183], [10.2739298, 44.1508553], [10.2718982, 44.1532008], [10.2706719, 44.1546189], [10.2737433, 44.1590458], [10.2758444, 44.1644152], [10.2760063, 44.1648185], [10.2761345, 44.1651052], [10.2764345, 44.165534], [10.2766744, 44.1657834], [10.277678, 44.1665014], [10.2781496, 44.1667662], [10.2891344, 44.1723552], [10.29332, 44.1744237], [10.3006815, 44.1746957], [10.3067993, 44.1748689], [10.3080585, 44.1746745]]"
Careggine,Lucca,"43.84281,10.50238",Careggine,"44.11944175,10.3256665",10-01-2023,8:00pm,99998,"[[10.3347121, 44.136364], [10.3365974, 44.1345953], [10.3380525, 44.1327416], [10.339585, 44.1297526], [10.3398952, 44.1290963], [10.3407507, 44.1271325], [10.3413245, 44.1254242], [10.3415348, 44.1247735], [10.3417274, 44.1238979], [10.3417211, 44.1236189], [10.3415378, 44.1232519], [10.3412711, 44.123066], [10.3409174, 44.1228991], [10.3405743, 44.122651], [10.3403159, 44.1222759], [10.3401947, 44.1218902], [10.3401468, 44.1214316], [10.3400577, 44.1202532], [10.3400488, 44.1182006], [10.340091, 44.117858], [10.3402288, 44.116767], [10.3404057, 44.1162968], [10.3438054, 44.1097025], [10.3445919, 44.1085679], [10.3447606, 44.1082958], [10.3449644, 44.1079152], [10.3451974, 44.1073093], [10.3452676, 44.1069573], [10.3453087, 44.1065697], [10.3453381, 44.1062092], [10.3443227, 44.0913164], [10.3430581, 44.0889814], [10.3409482, 44.0862692], [10.3407174, 44.0860019], [10.3403733, 44.0856998], [10.3396856, 44.0851136], [10.3391937, 44.0849033], [10.3375401, 44.0845513], [10.338527, 44.0824803], [10.3403598, 44.0790195], [10.3408004, 44.0786182], [10.3442413, 44.0766961], [10.3446064, 44.0751703], [10.3445868, 44.0748554], [10.3444515, 44.0743978], [10.3361906, 44.0706549], [10.3322117, 44.069747], [10.3318344, 44.0696253], [10.3313908, 44.0693334], [10.3305487, 44.0685329], [10.3302541, 44.0682032], [10.3292036, 44.067018], [10.3281842, 44.0688936], [10.327853, 44.0691585], [10.3271115, 44.0695048], [10.3243794, 44.0685011], [10.3239489, 44.068236], [10.3237562, 44.0679951], [10.309791, 44.0609805], [10.3090989, 44.0607363], [10.3085206, 44.0605539], [10.3076928, 44.0603833], [10.3069803, 44.0603465], [10.3062429, 44.0603099], [10.3013231, 44.0608522], [10.3003895, 44.0609799], [10.2944784, 44.0618753], [10.2911077, 44.0624717], [10.2906486, 44.0626029], [10.2872272, 44.0654685], [10.2862145, 44.0671365], [10.2860104, 44.067517], [10.2853298, 44.0701086], [10.2852642, 44.0705415], [10.285377, 44.0711344], [10.2869454, 44.0766627], [10.2873792, 44.07709], [10.2878412, 44.0770848], [10.288587, 44.0769233], [10.2889723, 44.076838], [10.2894435, 44.0766796], [10.2899503, 44.0764398], [10.2978896, 44.0797081], [10.3101445, 44.088747], [10.310334, 44.0889856], [10.3103759, 44.0890414], [10.3109381, 44.0930054], [10.3112801, 44.0954773], [10.3110743, 44.0995942], [10.3110322, 44.0999503], [10.310965, 44.1003022], [10.3108599, 44.1007715], [10.3107419, 44.101088], [10.3080613, 44.10743], [10.3037005, 44.1216418], [10.3036073, 44.121949], [10.3034954, 44.1225445], [10.3034764, 44.1228148], [10.3035712, 44.1237185], [10.3060838, 44.1282724], [10.3062915, 44.1286212], [10.3067382, 44.1290392], [10.3073881, 44.129599], [10.3078195, 44.1298912], [10.3084138, 44.1301995], [10.3087675, 44.1303665], [10.3131118, 44.1318021], [10.3135639, 44.131896], [10.314241, 44.1319872], [10.320615, 44.1360011], [10.3214373, 44.1362977], [10.3322929, 44.1383009], [10.3323954, 44.1382749], [10.3328025, 44.1381689], [10.333614, 44.1375652], [10.3340316, 44.1372362], [10.3343971, 44.1368088], [10.3347121, 44.136364]]"
Castelnuovo di Garfagnana,Lucca,"43.84281,10.50238",Castelnuovo di Garfagnana,"44.11419535,10.4024762",10-01-2023,8:00pm,5299,"[[10.3897825, 44.1263304], [10.3966858, 44.1242362], [10.3980944, 44.1246039], [10.3991005, 44.1250012], [10.3994358, 44.1251704], [10.4019416, 44.1268796], [10.4023549, 44.1271783], [10.4026558, 44.1274808], [10.4032802, 44.1273268], [10.4111135, 44.1253261], [10.4152107, 44.1240465], [10.4192858, 44.1227625], [10.4242611, 44.1205893], [10.4276527, 44.1176705], [10.4290095, 44.1148535], [10.4317486, 44.1130096], [10.4321706, 44.1127612], [10.432655, 44.1126381], [10.4330653, 44.1125519], [10.4334854, 44.1124836], [10.4339008, 44.1124784], [10.4342525, 44.112555], [10.4346415, 44.1127482], [10.4349882, 44.113005], [10.4386029, 44.1168714], [10.4418134, 44.1183614], [10.4423164, 44.1184901], [10.4428799, 44.118537], [10.4434785, 44.1184844], [10.4440114, 44.1182976], [10.4503926, 44.1145165], [10.4506827, 44.1142427], [10.4514877, 44.1122878], [10.4516633, 44.1114213], [10.4515872, 44.110738], [10.4514999, 44.110361], [10.4507186, 44.107922], [10.4505864, 44.1076266], [10.4493992, 44.1065973], [10.4486457, 44.1060577], [10.4419952, 44.1047688], [10.4416097, 44.1048457], [10.4413016, 44.1050207], [10.4406363, 44.1054072], [10.4392307, 44.1061812], [10.4387045, 44.1061248], [10.4380526, 44.106034], [10.4362456, 44.1057146], [10.4357523, 44.1054687], [10.434903, 44.1049662], [10.4258095, 44.0976704], [10.4232534, 44.0947538], [10.4204882, 44.0919612], [10.419946, 44.0917518], [10.402195, 44.09162], [10.3993402, 44.0961026], [10.398964, 44.0965754], [10.3986353, 44.0969395], [10.3983182, 44.0972675], [10.398074, 44.0975046], [10.3977795, 44.0977333], [10.3969618, 44.0980224], [10.3965253, 44.0980547], [10.3949149, 44.0979754], [10.394508, 44.0982054], [10.3940597, 44.0984], [10.3931975, 44.0983925], [10.3899328, 44.0980901], [10.3889437, 44.0915973], [10.3832565, 44.0882361], [10.3712204, 44.0845459], [10.3658529, 44.0808963], [10.3653983, 44.0806767], [10.3650077, 44.0805283], [10.3493925, 44.0769505], [10.3442413, 44.0766961], [10.3408004, 44.0786182], [10.3403598, 44.0790195], [10.338527, 44.0824803], [10.3375401, 44.0845513], [10.3391937, 44.0849033], [10.3396856, 44.0851136], [10.3403733, 44.0856998], [10.3407174, 44.0860019], [10.3409482, 44.0862692], [10.3430581, 44.0889814], [10.3443227, 44.0913164], [10.3453381, 44.1062092], [10.3453087, 44.1065697], [10.3452676, 44.1069573], [10.3451974, 44.1073093], [10.3449644, 44.1079152], [10.3447606, 44.1082958], [10.3445919, 44.1085679], [10.3438054, 44.1097025], [10.3507784, 44.1136987], [10.3602251, 44.1185699], [10.3614336, 44.1189516], [10.3626803, 44.1193599], [10.3661858, 44.1207135], [10.3667045, 44.1209864], [10.3681722, 44.1218962], [10.3682071, 44.1219182], [10.368911, 44.1223645], [10.3740503, 44.125841], [10.3773171, 44.1287232], [10.3776929, 44.1292948], [10.3779749, 44.1295976], [10.381156, 44.132008], [10.3814354, 44.1321937], [10.38205, 44.1322853], [10.3821934, 44.13227], [10.3831847, 44.1321635], [10.3897825, 44.1263304]]"
Castiglione di Garfagnana,Lucca,"43.84281,10.50238",Castiglione di Garfagnana,"44.1517665,10.41126715",10-01-2023,8:00pm,99998,"[[10.4670465, 44.228868], [10.4701297, 44.2260554], [10.4710047, 44.2254139], [10.472924, 44.2240568], [10.4738564, 44.2237926], [10.4780932, 44.2234948], [10.4794806, 44.2234048], [10.4806191, 44.2233721], [10.4828064, 44.2232266], [10.4837794, 44.223088], [10.4846116, 44.2228251], [10.4871331, 44.2215318], [10.4883933, 44.2208672], [10.4887981, 44.2205378], [10.4929026, 44.2170001], [10.4929922, 44.2165848], [10.4926803, 44.2161297], [10.4890695, 44.2119364], [10.4851987, 44.2048474], [10.4852149, 44.2044961], [10.490003, 44.1968352], [10.4902462, 44.1965529], [10.5064133, 44.1876709], [10.5070188, 44.1873748], [10.507824, 44.1870581], [10.5090072, 44.1868444], [10.5094193, 44.1868119], [10.5100144, 44.1869139], [10.5229387, 44.1748384], [10.5196483, 44.1731987], [10.5185273, 44.1728985], [10.5178729, 44.1727451], [10.5172065, 44.1726099], [10.5168202, 44.1726691], [10.5161635, 44.1729119], [10.5080383, 44.1760805], [10.5041052, 44.1773568], [10.502361, 44.1776408], [10.5017478, 44.1776309], [10.5011968, 44.1776111], [10.4926638, 44.1765706], [10.492061, 44.1764794], [10.4892523, 44.1757238], [10.4780472, 44.1723581], [10.4776812, 44.1722278], [10.4771367, 44.1719648], [10.471004, 44.1683076], [10.4707484, 44.1680859], [10.4687676, 44.1658876], [10.452648, 44.1685426], [10.4421622, 44.1654253], [10.4420417, 44.1651028], [10.4415892, 44.1634699], [10.4412679, 44.1600348], [10.4413375, 44.1592956], [10.4413678, 44.1589982], [10.4414682, 44.1585017], [10.4418073, 44.1570209], [10.4420394, 44.1562798], [10.4422325, 44.1559937], [10.4424343, 44.15555], [10.4418586, 44.1529644], [10.4413077, 44.1513958], [10.440024, 44.1479728], [10.4398539, 44.1476598], [10.4392388, 44.1470464], [10.4386628, 44.1464954], [10.4346808, 44.1436735], [10.4340077, 44.1432408], [10.4255575, 44.1391556], [10.424981, 44.1389648], [10.4175483, 44.1371216], [10.4146438, 44.1379949], [10.4067416, 44.1358417], [10.4062631, 44.1356945], [10.4059618, 44.1355092], [10.4052493, 44.1349868], [10.4029316, 44.1331921], [10.4026124, 44.1329079], [10.4023569, 44.132677], [10.4010039, 44.130965], [10.4007821, 44.1305716], [10.397068, 44.1336871], [10.3912705, 44.1448543], [10.3866326, 44.145955], [10.386175, 44.1461676], [10.3822243, 44.1483268], [10.3822566, 44.148637], [10.3824145, 44.1489772], [10.382713, 44.1494417], [10.3831051, 44.1507064], [10.3832742, 44.1509835], [10.3837421, 44.1517431], [10.3839488, 44.1520287], [10.3842416, 44.1522502], [10.3846582, 44.1524162], [10.3851607, 44.1525181], [10.3857487, 44.152529], [10.3895088, 44.1523663], [10.3931981, 44.1518532], [10.3954267, 44.1515739], [10.4029571, 44.15538], [10.4035144, 44.1556793], [10.4041383, 44.1561488], [10.4043571, 44.1564072], [10.4045389, 44.156693], [10.4047469, 44.1570236], [10.4051372, 44.1576625], [10.4053195, 44.1579664], [10.4054647, 44.1582887], [10.4054924, 44.1584031], [10.4055341, 44.1585759], [10.4054877, 44.1608363], [10.4063996, 44.1681626], [10.4118804, 44.1839809], [10.4121158, 44.1844101], [10.4123338, 44.1846325], [10.4255165, 44.1970325], [10.4275515, 44.1989067], [10.4296532, 44.200429], [10.431355, 44.201452], [10.4319467, 44.2015976], [10.4326234, 44.2016342], [10.43438, 44.2016887], [10.4357151, 44.2098961], [10.4345381, 44.2140028], [10.4343683, 44.2147432], [10.433604, 44.2219372], [10.4336631, 44.2223056], [10.4338063, 44.223051], [10.4339865, 44.223769], [10.4341088, 44.2241636], [10.4344109, 44.224745], [10.434722, 44.2251822], [10.435084, 44.2256548], [10.4353034, 44.2259222], [10.4357199, 44.2262321], [10.4388197, 44.226103], [10.440231, 44.2264904], [10.4414761, 44.2272309], [10.4423196, 44.2279315], [10.4429103, 44.2285362], [10.4432948, 44.2289005], [10.445194, 44.2292501], [10.4497124, 44.229769], [10.4624898, 44.2309251], [10.4649367, 44.2311368], [10.4655355, 44.2310481], [10.4670465, 44.228868]]"
Coreglia Antelminelli,Lucca,"43.84281,10.50238",Coreglia Antelminelli,"44.0692364,10.5599585",10-01-2023,8:00pm,99998,"[[10.6240559, 44.1203661], [10.6286873, 44.1175548], [10.620378, 44.1172372], [10.6188067, 44.1178177], [10.6182247, 44.118015], [10.6177776, 44.1181204], [10.6169803, 44.1182127], [10.6104497, 44.1170355], [10.6096641, 44.1166415], [10.6092803, 44.1163138], [10.6070519, 44.1129419], [10.6068286, 44.1125399], [10.6066986, 44.1118935], [10.6066953, 44.1108492], [10.6066941, 44.1103451], [10.6068064, 44.1098753], [10.6069095, 44.1095318], [10.6070492, 44.1091517], [10.6077086, 44.108125], [10.6079396, 44.1078877], [10.6082445, 44.1076133], [10.6084605, 44.1072861], [10.608524, 44.1068621], [10.6080519, 44.1014308], [10.6079326, 44.1011804], [10.6034469, 44.0937709], [10.6007088, 44.0904421], [10.5982007, 44.0882264], [10.5977877, 44.0879621], [10.5977178, 44.087918], [10.5975334, 44.0879116], [10.5967676, 44.0878863], [10.5959993, 44.0881131], [10.5956122, 44.0881185], [10.5944641, 44.0876934], [10.5924954, 44.0869466], [10.5904964, 44.0766748], [10.5903586, 44.0736291], [10.5899398, 44.0731443], [10.5804267, 44.0648043], [10.5753197, 44.0567967], [10.5738245, 44.0543144], [10.5729978, 44.0529123], [10.572006, 44.050342], [10.5709911, 44.0474862], [10.5693743, 44.0460566], [10.5690264, 44.0457621], [10.5626429, 44.0417711], [10.5561726, 44.0316902], [10.5557174, 44.0309852], [10.5511739, 44.0261582], [10.5484311, 44.0238546], [10.5440936, 44.0206721], [10.5409584, 44.0186077], [10.5394627, 44.0176775], [10.5392041, 44.0181946], [10.5389647, 44.0185873], [10.5378146, 44.019646], [10.5374173, 44.0199023], [10.5366436, 44.0201389], [10.536133, 44.0201751], [10.53568, 44.0201485], [10.5317888, 44.0196021], [10.5052234, 44.0224604], [10.5035077, 44.0219653], [10.4927517, 44.0322287], [10.4910629, 44.0369433], [10.4973858, 44.040723], [10.498325, 44.0413409], [10.4989389, 44.0419271], [10.4989924, 44.0420704], [10.4990861, 44.0423213], [10.4997155, 44.0445098], [10.500084, 44.0467468], [10.5001573, 44.047178], [10.5002925, 44.0475903], [10.5014708, 44.0492675], [10.501833, 44.0497669], [10.5134375, 44.0628125], [10.5152927, 44.0645705], [10.517136, 44.0658515], [10.5193614, 44.0669384], [10.521184, 44.0678954], [10.5280233, 44.0721257], [10.5284207, 44.0725255], [10.5312178, 44.0763955], [10.5314273, 44.0767708], [10.5315735, 44.077111], [10.5350826, 44.0853108], [10.5356945, 44.0882016], [10.5377765, 44.0943137], [10.5409084, 44.101384], [10.5410533, 44.1016702], [10.5430055, 44.1051551], [10.5435562, 44.1056698], [10.5440023, 44.1060059], [10.5615755, 44.1147522], [10.5666642, 44.1172124], [10.5679039, 44.1177805], [10.5686883, 44.1181389], [10.5699007, 44.1186174], [10.5703297, 44.1187736], [10.5742773, 44.1201237], [10.5749188, 44.1202769], [10.5774946, 44.1203224], [10.5834879, 44.1202665], [10.584079, 44.1195471], [10.5847286, 44.1190699], [10.5855281, 44.1185906], [10.5864165, 44.1181641], [10.5895547, 44.1168151], [10.5902715, 44.116517], [10.591656, 44.1159485], [10.5925342, 44.1156121], [10.5931038, 44.1154151], [10.6002746, 44.1148647], [10.6037812, 44.1146805], [10.6050936, 44.1146891], [10.6055281, 44.1150431], [10.6098468, 44.1186106], [10.6240559, 44.1203661]]"
Fosciandora,Lucca,"43.84281,10.50238",Fosciandora,"44.11533145,10.45835555",10-01-2023,8:00pm,9274,"[[10.5246094, 44.1591688], [10.5249309, 44.1570038], [10.5236827, 44.1569304], [10.52298, 44.1568407], [10.522376, 44.1566957], [10.5198969, 44.1560895], [10.5140269, 44.1544299], [10.5136957, 44.1541912], [10.5122767, 44.1524904], [10.5119906, 44.152062], [10.5117157, 44.1515795], [10.5105737, 44.1484795], [10.5105497, 44.1480297], [10.5105489, 44.1475075], [10.5076815, 44.1419455], [10.5042652, 44.1359134], [10.4980083, 44.1322053], [10.4972806, 44.1320978], [10.4966256, 44.1318993], [10.4939267, 44.129963], [10.4931608, 44.1293338], [10.4903319, 44.1261926], [10.4900677, 44.1256289], [10.4899069, 44.1251988], [10.4898204, 44.1247408], [10.4898577, 44.1242361], [10.4903811, 44.1197007], [10.4905922, 44.1191488], [10.4911671, 44.1186551], [10.4914747, 44.118462], [10.4918196, 44.1182594], [10.4932709, 44.1173312], [10.4935771, 44.1170841], [10.4937974, 44.1167751], [10.4939115, 44.1164675], [10.4939776, 44.1161155], [10.4939928, 44.1157282], [10.4938842, 44.1153875], [10.4894278, 44.1091164], [10.4779053, 44.0980211], [10.471659, 44.0945095], [10.470585, 44.0940192], [10.4641607, 44.0913557], [10.462678, 44.0910056], [10.4587509, 44.0903085], [10.4582129, 44.0902704], [10.4577428, 44.0904564], [10.4574254, 44.0907576], [10.4573332, 44.0910739], [10.4573935, 44.0914963], [10.4576612, 44.0922221], [10.4577711, 44.0926259], [10.4578424, 44.0929851], [10.4579286, 44.0934431], [10.457939, 44.0938662], [10.4578642, 44.0943803], [10.4577856, 44.0947414], [10.4576604, 44.0952382], [10.4567821, 44.0986436], [10.4565679, 44.0990785], [10.4558816, 44.1001316], [10.4555683, 44.1006038], [10.455192, 44.1010497], [10.454839, 44.1014323], [10.4543739, 44.1018254], [10.4540176, 44.102073], [10.4495885, 44.1047583], [10.4486457, 44.1060577], [10.4493992, 44.1065973], [10.4505864, 44.1076266], [10.4507186, 44.107922], [10.4514999, 44.110361], [10.4515872, 44.110738], [10.4516633, 44.1114213], [10.4514877, 44.1122878], [10.4506827, 44.1142427], [10.4503926, 44.1145165], [10.4440114, 44.1182976], [10.4434785, 44.1184844], [10.4428799, 44.118537], [10.4423164, 44.1184901], [10.4418134, 44.1183614], [10.4474578, 44.1263659], [10.4488961, 44.1279367], [10.458021, 44.1342983], [10.4670371, 44.1394677], [10.4677071, 44.1397652], [10.4682247, 44.1399656], [10.4724598, 44.1408474], [10.4728349, 44.1408516], [10.4736844, 44.1408226], [10.4744459, 44.1407768], [10.4752058, 44.140668], [10.4766391, 44.1404874], [10.4772758, 44.1404521], [10.4798886, 44.1404453], [10.4806655, 44.1405163], [10.4816564, 44.1406475], [10.4839817, 44.1411395], [10.4844725, 44.1412681], [10.4849901, 44.1414685], [10.4854238, 44.141814], [10.4857451, 44.1421609], [10.4874607, 44.1447585], [10.4909989, 44.1487277], [10.499431, 44.1572963], [10.4998413, 44.1576961], [10.5003857, 44.157959], [10.5016887, 44.1585451], [10.5022049, 44.1586824], [10.5197026, 44.1671929], [10.5246094, 44.1591688]]"
Gallicano,Lucca,"43.84281,10.50238",Gallicano,"44.06049345,10.4397426",10-01-2023,8:00pm,4981,"[[10.3711814, 44.0696215], [10.4189645, 43.9835508], [10.4967351, 44.026726], [10.4489521, 44.1127967], [10.3711814, 44.0696215]]"
Minucciano,Lucca,"43.84281,10.50238",Minucciano,"44.1696951,10.20750045",10-01-2023,8:00pm,99998,"[[10.2325389, 44.2159336], [10.2299844, 44.2151419], [10.2304652, 44.2125348], [10.2360552, 44.2027062], [10.2363112, 44.2023793], [10.2367255, 44.2019944], [10.2369989, 44.2017506], [10.2389165, 44.2000913], [10.2392628, 44.1998985], [10.2446002, 44.1859172], [10.2447539, 44.1854924], [10.2448835, 44.1851128], [10.2448634, 44.1847529], [10.2447433, 44.1843941], [10.2445861, 44.1840627], [10.2443932, 44.1838127], [10.243945, 44.1833224], [10.2436774, 44.1830913], [10.2433342, 44.1828339], [10.2430154, 44.1825493], [10.2428473, 44.18229], [10.242637, 44.1818061], [10.2425186, 44.1815283], [10.2424111, 44.1811784], [10.242328, 44.1807921], [10.2422302, 44.180307], [10.2422449, 44.1799648], [10.2422948, 44.1799597], [10.2438094, 44.1798487], [10.246506, 44.1797293], [10.2470061, 44.1797148], [10.2495725, 44.1797948], [10.2500734, 44.1798163], [10.2553836, 44.1806764], [10.2558613, 44.1807882], [10.2563537, 44.1809989], [10.2567838, 44.1812192], [10.2573918, 44.1815726], [10.2578107, 44.1818561], [10.2581151, 44.1820508], [10.2584952, 44.1822762], [10.2589863, 44.1824239], [10.2598766, 44.1826661], [10.2605742, 44.1825234], [10.2609795, 44.1821678], [10.266071, 44.1768852], [10.2667031, 44.1760229], [10.2668845, 44.1757328], [10.2668852, 44.1740132], [10.2667056, 44.1720525], [10.2667347, 44.171656], [10.2671311, 44.169725], [10.2683375, 44.1647329], [10.2684925, 44.16438], [10.2687099, 44.1640175], [10.2689661, 44.1637175], [10.2724693, 44.1596992], [10.2727784, 44.1595337], [10.2737433, 44.1590458], [10.2706719, 44.1546189], [10.2718982, 44.1532008], [10.2739298, 44.1508553], [10.2782591, 44.1459183], [10.2729909, 44.1416466], [10.264829, 44.1339901], [10.2623036, 44.1316322], [10.261786, 44.13198], [10.2613169, 44.1322553], [10.252837, 44.1320425], [10.2402785, 44.1273268], [10.2396077, 44.126929], [10.2393139, 44.126626], [10.2386305, 44.1256251], [10.2383708, 44.1251597], [10.2383137, 44.1248182], [10.2383073, 44.1245122], [10.238414, 44.124232], [10.2386329, 44.1239415], [10.2388261, 44.1236198], [10.2272442, 44.1105461], [10.2260675, 44.1116571], [10.2253196, 44.1123494], [10.2136666, 44.118596], [10.2130079, 44.118774], [10.2109218, 44.1188232], [10.1986764, 44.1194025], [10.1940764, 44.1199819], [10.189273, 44.1221072], [10.188822, 44.1222109], [10.1880415, 44.1223991], [10.1869417, 44.1230228], [10.1864685, 44.1237389], [10.1864463, 44.127624], [10.1861832, 44.1325875], [10.186, 44.1334267], [10.1848926, 44.1374356], [10.1845704, 44.1382042], [10.1841307, 44.138722], [10.1829524, 44.1398191], [10.1833787, 44.1398777], [10.1849131, 44.1403389], [10.1860614, 44.1408672], [10.1871713, 44.1419721], [10.1876929, 44.143047], [10.1878982, 44.1437741], [10.1880041, 44.1446914], [10.1879512, 44.1470417], [10.187773, 44.148286], [10.1878599, 44.1495005], [10.1881854, 44.1507666], [10.1885374, 44.1519513], [10.1891685, 44.1530252], [10.1898786, 44.1535129], [10.1961138, 44.1607043], [10.1928252, 44.1670949], [10.1931154, 44.1676861], [10.1937377, 44.168769], [10.1940191, 44.1690811], [10.1943247, 44.169348], [10.1962717, 44.170372], [10.197939, 44.1705526], [10.198674, 44.1710221], [10.1990982, 44.1715848], [10.19941, 44.1721577], [10.1996082, 44.1726778], [10.1988977, 44.174657], [10.1973392, 44.1773833], [10.194495, 44.1815004], [10.1909601, 44.1903244], [10.1918304, 44.1919088], [10.1919498, 44.1922497], [10.1918228, 44.1927732], [10.1898273, 44.1979258], [10.1867743, 44.2062088], [10.1925385, 44.2102677], [10.1955376, 44.2118749], [10.2032902, 44.2145484], [10.2110408, 44.216024], [10.2299225, 44.2278053], [10.2307948, 44.2283541], [10.2313451, 44.2289244], [10.2322013, 44.2303556], [10.2335269, 44.2326731], [10.2343455, 44.2275055], [10.2347995, 44.2204782], [10.2325389, 44.2159336]]"
Molazzana,Lucca,"43.84281,10.50238",Molazzana,"44.07211555,10.4178267",10-01-2023,8:00pm,9617,"[[10.3949149, 44.0979754], [10.3965253, 44.0980547], [10.3969618, 44.0980224], [10.3977795, 44.0977333], [10.398074, 44.0975046], [10.3983182, 44.0972675], [10.3986353, 44.0969395], [10.398964, 44.0965754], [10.3993402, 44.0961026], [10.402195, 44.09162], [10.419946, 44.0917518], [10.4204882, 44.0919612], [10.4232534, 44.0947538], [10.4308891, 44.0903368], [10.4363747, 44.0878281], [10.4440837, 44.0813656], [10.4427823, 44.0745847], [10.4413941, 44.0745032], [10.4399933, 44.0742867], [10.4353648, 44.0734447], [10.4346484, 44.0732556], [10.4329441, 44.0724937], [10.4324867, 44.0721663], [10.4320781, 44.0717933], [10.4318563, 44.0714], [10.4317581, 44.070951], [10.4317294, 44.069763], [10.4317715, 44.0694383], [10.4284695, 44.0655812], [10.4245183, 44.0622274], [10.4238079, 44.0617591], [10.4200358, 44.0596092], [10.4195482, 44.0595793], [10.4162806, 44.0602501], [10.4156023, 44.0604745], [10.4138741, 44.0618284], [10.3896722, 44.0604193], [10.3723302, 44.0629923], [10.3699176, 44.0617878], [10.369399, 44.0614969], [10.3640515, 44.0584818], [10.3636422, 44.0580545], [10.3635472, 44.0577225], [10.3635843, 44.0571639], [10.3636206, 44.0565692], [10.3636665, 44.0554433], [10.3636412, 44.0548854], [10.3633132, 44.0536469], [10.3631411, 44.0530817], [10.3626733, 44.0518718], [10.3624098, 44.0512718], [10.3622027, 44.0508151], [10.3619707, 44.0504937], [10.3616727, 44.0501551], [10.361404, 44.0498702], [10.3610345, 44.0495415], [10.3606437, 44.0492401], [10.3549462, 44.0451753], [10.3544775, 44.0448747], [10.3532503, 44.044151], [10.3528595, 44.0439846], [10.3525071, 44.0438537], [10.328014, 44.0357275], [10.3245848, 44.0345924], [10.3239704, 44.0344644], [10.3236595, 44.0361967], [10.3235068, 44.0366216], [10.3232181, 44.0371111], [10.3195132, 44.0422498], [10.3155802, 44.0478322], [10.3154523, 44.0482569], [10.315646, 44.0508026], [10.3156904, 44.0511172], [10.3157461, 44.0513776], [10.3158652, 44.0516824], [10.3163098, 44.0520284], [10.3166001, 44.0521713], [10.3166884, 44.0522131], [10.317129, 44.052379], [10.3176195, 44.0525444], [10.3204142, 44.0535926], [10.3240345, 44.0552703], [10.324616, 44.0555967], [10.3249854, 44.0559255], [10.325393, 44.0562899], [10.3256378, 44.0566292], [10.3257471, 44.0570511], [10.3263227, 44.0610238], [10.3264972, 44.0626874], [10.327882, 44.065989], [10.3292036, 44.067018], [10.3302541, 44.0682032], [10.3305487, 44.0685329], [10.3313908, 44.0693334], [10.3318344, 44.0696253], [10.3322117, 44.069747], [10.3361906, 44.0706549], [10.3444515, 44.0743978], [10.3445868, 44.0748554], [10.3446064, 44.0751703], [10.3442413, 44.0766961], [10.3493925, 44.0769505], [10.3650077, 44.0805283], [10.3653983, 44.0806767], [10.3658529, 44.0808963], [10.3712204, 44.0845459], [10.3832565, 44.0882361], [10.3889437, 44.0915973], [10.3899328, 44.0980901], [10.3931975, 44.0983925], [10.3940597, 44.0984], [10.394508, 44.0982054], [10.3949149, 44.0979754]]"
Pescaglia,Lucca,"43.84281,10.50238",Pescaglia,"43.9649472,10.41305245",10-01-2023,8:00pm,99998,"[[10.448034, 44.0013328], [10.4520422, 43.998061], [10.4536101, 43.9976584], [10.4542921, 43.9974967], [10.4548632, 43.9973904], [10.4562056, 43.9972022], [10.4566665, 43.9971783], [10.4631321, 43.9968796], [10.4634714, 43.9969833], [10.4640126, 43.9971834], [10.4644162, 43.9973673], [10.4649969, 43.997648], [10.4650962, 43.9971245], [10.4665343, 43.9952536], [10.4783751, 43.9944595], [10.4788506, 43.9945254], [10.4808766, 43.9947513], [10.4813137, 43.9947726], [10.4820866, 43.9947626], [10.4825346, 43.9947207], [10.4901239, 43.9929924], [10.4914241, 43.9926243], [10.4935965, 43.9862576], [10.4935575, 43.9842053], [10.49129, 43.9807957], [10.4910059, 43.9804032], [10.4906988, 43.9800921], [10.4903299, 43.9797998], [10.4899624, 43.9795615], [10.4895584, 43.9793597], [10.4889685, 43.9792053], [10.4881318, 43.9791532], [10.4873842, 43.9791719], [10.4869573, 43.9790515], [10.4863402, 43.9788074], [10.4860112, 43.9786136], [10.4841717, 43.977341], [10.4835081, 43.9767284], [10.4829838, 43.976204], [10.4805348, 43.9734808], [10.4805361, 43.9730306], [10.4807413, 43.9727578], [10.4814272, 43.9726431], [10.4849767, 43.9716224], [10.4864897, 43.9653094], [10.4867582, 43.9640814], [10.4814142, 43.9622151], [10.4771896, 43.9616239], [10.4771243, 43.9616315], [10.476789, 43.9616808], [10.4764426, 43.9617843], [10.4758928, 43.9622326], [10.4755991, 43.9624525], [10.4752172, 43.9626375], [10.4747833, 43.9627331], [10.4741992, 43.9628037], [10.4736024, 43.9628654], [10.4729919, 43.9628733], [10.4631778, 43.9627023], [10.4620982, 43.9626418], [10.4617368, 43.9625181], [10.4615513, 43.962453], [10.4578171, 43.960628], [10.4541308, 43.9571817], [10.4542617, 43.9564147], [10.4543976, 43.9558548], [10.4564168, 43.9507601], [10.4568205, 43.9504489], [10.4575941, 43.9469187], [10.4532587, 43.9428773], [10.4504427, 43.9413465], [10.4447536, 43.9384745], [10.444475, 43.9382889], [10.4438018, 43.9372441], [10.4437699, 43.9369563], [10.4438256, 43.9366855], [10.4440272, 43.9363904], [10.4473635, 43.9315268], [10.4476659, 43.9311539], [10.4482884, 43.9306238], [10.4485581, 43.9304403], [10.4548853, 43.9268035], [10.4635064, 43.9242895], [10.4586209, 43.9206241], [10.4546782, 43.9167758], [10.4540905, 43.9161711], [10.4536429, 43.9156906], [10.453116, 43.915022], [10.4529196, 43.9146284], [10.452849, 43.9142872], [10.4528529, 43.913936], [10.4475713, 43.9067193], [10.4333316, 43.9090601], [10.4328434, 43.9090842], [10.4324093, 43.9090266], [10.4318718, 43.9089433], [10.4246347, 43.9073141], [10.4233434, 43.9069521], [10.4189803, 43.9051944], [10.4125605, 43.9033314], [10.4109531, 43.9032883], [10.4085086, 43.9052362], [10.4039659, 43.9117026], [10.4040879, 43.9121242], [10.4054082, 43.9137196], [10.4057025, 43.9140491], [10.4060456, 43.914342], [10.4064502, 43.9145981], [10.4068018, 43.9147199], [10.4132407, 43.916288], [10.4142099, 43.9173744], [10.414604, 43.9186301], [10.4149841, 43.9204801], [10.4150174, 43.9208308], [10.414951, 43.9211827], [10.4140262, 43.9257859], [10.4138496, 43.9262203], [10.4134645, 43.9267923], [10.4133075, 43.9270013], [10.4131625, 43.9271922], [10.4128604, 43.9275831], [10.4125941, 43.9279105], [10.4123387, 43.9281747], [10.4072698, 43.9319287], [10.4067784, 43.9322229], [10.4064083, 43.9323805], [10.4059374, 43.9324853], [10.4053153, 43.93252], [10.3982252, 43.9340655], [10.386821, 43.9403088], [10.3736914, 43.9447801], [10.3719736, 43.945404], [10.3716281, 43.9455522], [10.3701161, 43.9464527], [10.367554, 43.9488423], [10.3578712, 43.9581502], [10.3576364, 43.9702806], [10.357047, 43.9734118], [10.3555685, 43.9754146], [10.3492214, 43.9823841], [10.3490025, 43.9831767], [10.3508081, 43.9863696], [10.360911, 43.9935694], [10.3624205, 43.9935874], [10.364279, 43.9936012], [10.3711521, 43.993663], [10.3750113, 43.9939047], [10.3753503, 43.9939997], [10.3756181, 43.9942576], [10.3760009, 43.9940909], [10.3764468, 43.9939595], [10.3768221, 43.994009], [10.378333, 43.99463], [10.3837992, 43.9969318], [10.3872131, 43.9983939], [10.3873693, 43.9986712], [10.3875144, 43.9990115], [10.3877453, 43.9992878], [10.3880374, 43.9995094], [10.3884053, 43.999775], [10.3896929, 44.0004346], [10.3909045, 44.0007755], [10.4053549, 44.001598], [10.405792, 44.0016196], [10.4064008, 44.0015221], [10.41373, 43.9968534], [10.4140983, 43.9966035], [10.4156062, 43.9955067], [10.4162548, 43.9949855], [10.4176387, 43.9933927], [10.4176948, 43.9931309], [10.4177352, 43.9927343], [10.4176776, 43.9924109], [10.4175842, 43.9921509], [10.4174787, 43.9917808], [10.4201346, 43.991372], [10.4226643, 43.9912955], [10.4298817, 43.9918108], [10.4345272, 43.993497], [10.448034, 44.0013328]]"
Piazza al Serchio,Lucca,"43.84281,10.50238",Piazza al Serchio,"44.1846216,10.2940049",10-01-2023,8:00pm,6015,"[[10.2638105, 44.2498095], [10.2388963, 44.169912], [10.3178797, 44.1452828], [10.3427939, 44.2251803], [10.2638105, 44.2498095]]"
Pieve Fosciana,Lucca,"43.84281,10.50238",Pieve Fosciana,"44.14504415,10.44694585",10-01-2023,8:00pm,99998,"[[10.5080383, 44.1760805], [10.5161635, 44.1729119], [10.5168202, 44.1726691], [10.5172065, 44.1726099], [10.5178729, 44.1727451], [10.5185273, 44.1728985], [10.5196483, 44.1731987], [10.5229387, 44.1748384], [10.5197026, 44.1671929], [10.5022049, 44.1586824], [10.5016887, 44.1585451], [10.5003857, 44.157959], [10.4998413, 44.1576961], [10.499431, 44.1572963], [10.4909989, 44.1487277], [10.4874607, 44.1447585], [10.4857451, 44.1421609], [10.4854238, 44.141814], [10.4849901, 44.1414685], [10.4844725, 44.1412681], [10.4839817, 44.1411395], [10.4816564, 44.1406475], [10.4806655, 44.1405163], [10.4798886, 44.1404453], [10.4772758, 44.1404521], [10.4766391, 44.1404874], [10.4752058, 44.140668], [10.4744459, 44.1407768], [10.4736844, 44.1408226], [10.4728349, 44.1408516], [10.4724598, 44.1408474], [10.4682247, 44.1399656], [10.4677071, 44.1397652], [10.4670371, 44.1394677], [10.458021, 44.1342983], [10.4488961, 44.1279367], [10.4474578, 44.1263659], [10.4418134, 44.1183614], [10.4386029, 44.1168714], [10.4349882, 44.113005], [10.4346415, 44.1127482], [10.4342525, 44.112555], [10.4339008, 44.1124784], [10.4334854, 44.1124836], [10.4330653, 44.1125519], [10.432655, 44.1126381], [10.4321706, 44.1127612], [10.4317486, 44.1130096], [10.4290095, 44.1148535], [10.4276527, 44.1176705], [10.4242611, 44.1205893], [10.4192858, 44.1227625], [10.4152107, 44.1240465], [10.4111135, 44.1253261], [10.4032802, 44.1273268], [10.4026558, 44.1274808], [10.4023549, 44.1271783], [10.4019416, 44.1268796], [10.3994358, 44.1251704], [10.3991005, 44.1250012], [10.3980944, 44.1246039], [10.3966858, 44.1242362], [10.3897825, 44.1263304], [10.3831847, 44.1321635], [10.3693534, 44.1382632], [10.3787151, 44.1489184], [10.382713, 44.1494417], [10.3824145, 44.1489772], [10.3822566, 44.148637], [10.3822243, 44.1483268], [10.386175, 44.1461676], [10.3866326, 44.145955], [10.3912705, 44.1448543], [10.397068, 44.1336871], [10.4007821, 44.1305716], [10.4010039, 44.130965], [10.4023569, 44.132677], [10.4026124, 44.1329079], [10.4029316, 44.1331921], [10.4052493, 44.1349868], [10.4059618, 44.1355092], [10.4062631, 44.1356945], [10.4067416, 44.1358417], [10.4146438, 44.1379949], [10.4175483, 44.1371216], [10.424981, 44.1389648], [10.4255575, 44.1391556], [10.4340077, 44.1432408], [10.4346808, 44.1436735], [10.4386628, 44.1464954], [10.4392388, 44.1470464], [10.4398539, 44.1476598], [10.440024, 44.1479728], [10.4413077, 44.1513958], [10.4418586, 44.1529644], [10.4424343, 44.15555], [10.4422325, 44.1559937], [10.4420394, 44.1562798], [10.4418073, 44.1570209], [10.4414682, 44.1585017], [10.4413678, 44.1589982], [10.4413375, 44.1592956], [10.4412679, 44.1600348], [10.4415892, 44.1634699], [10.4420417, 44.1651028], [10.4421622, 44.1654253], [10.452648, 44.1685426], [10.4687676, 44.1658876], [10.4707484, 44.1680859], [10.471004, 44.1683076], [10.4771367, 44.1719648], [10.4776812, 44.1722278], [10.4780472, 44.1723581], [10.4892523, 44.1757238], [10.492061, 44.1764794], [10.4926638, 44.1765706], [10.5011968, 44.1776111], [10.5017478, 44.1776309], [10.502361, 44.1776408], [10.5041052, 44.1773568], [10.5080383, 44.1760805]]"
San Romano in Garfagnana,Lucca,"43.84281,10.50238",San Romano in Garfagnana,"44.1703812,10.34601445",10-01-2023,8:00pm,7406,"[[10.4045085, 44.229159], [10.4041129, 44.2283176], [10.403456, 44.2270202], [10.4014866, 44.2252798], [10.3772738, 44.2139199], [10.376699, 44.2139629], [10.3745346, 44.2138809], [10.3718972, 44.2135075], [10.3705899, 44.2132711], [10.3701238, 44.2131416], [10.3696937, 44.2129487], [10.3691364, 44.2126673], [10.3686913, 44.2123665], [10.3683222, 44.2121009], [10.3678892, 44.211782], [10.3666581, 44.2105093], [10.3665984, 44.2103614], [10.3662994, 44.2096132], [10.3651571, 44.2062193], [10.3651258, 44.2060846], [10.3650873, 44.205905], [10.3649443, 44.2051324], [10.3649459, 44.2050671], [10.3649589, 44.2046821], [10.3655582, 44.2024512], [10.3659415, 44.2011682], [10.3660018, 44.2005282], [10.3660081, 44.2002581], [10.3659406, 44.1995026], [10.3658432, 44.1990806], [10.365626, 44.198345], [10.3652705, 44.197584], [10.3649588, 44.1970925], [10.362508, 44.1950061], [10.3614877, 44.194172], [10.3610555, 44.19388], [10.3608683, 44.193763], [10.3606747, 44.1936415], [10.3602035, 44.193287], [10.3596413, 44.1927805], [10.3594347, 44.1925038], [10.3592266, 44.1921597], [10.3590296, 44.1917569], [10.3589361, 44.1914969], [10.3587719, 44.1908867], [10.3586622, 44.1899247], [10.3586335, 44.1896279], [10.3586112, 44.189205], [10.3588321, 44.1842507], [10.358949, 44.183349], [10.3603998, 44.1773447], [10.36055, 44.1768027], [10.3626488, 44.1734195], [10.3631336, 44.172743], [10.3682846, 44.1670815], [10.3723698, 44.1637734], [10.3787455, 44.1568002], [10.3790969, 44.1563188], [10.3791017, 44.1562557], [10.3791179, 44.1560125], [10.3789947, 44.1512603], [10.3787151, 44.1489184], [10.3693534, 44.1382632], [10.367655, 44.1399672], [10.3614831, 44.1466762], [10.3611918, 44.1470578], [10.3609405, 44.147547], [10.360835, 44.1478543], [10.3611707, 44.1494011], [10.3612237, 44.1499384], [10.3611573, 44.1503174], [10.360877, 44.1507708], [10.3595653, 44.1528662], [10.3592143, 44.1533745], [10.3588121, 44.1538295], [10.3581709, 44.1542242], [10.3575133, 44.1544481], [10.3531357, 44.1555084], [10.3525608, 44.1555242], [10.3520568, 44.1553591], [10.3514006, 44.1550968], [10.3507582, 44.1548973], [10.3502936, 44.1548128], [10.3497687, 44.154828], [10.3493578, 44.1549049], [10.3488989, 44.1550724], [10.348255, 44.1553501], [10.3478228, 44.1555892], [10.3474068, 44.1558552], [10.3388215, 44.1627535], [10.3329411, 44.1677965], [10.3235733, 44.1704804], [10.324116, 44.1712573], [10.3276715, 44.1771063], [10.3285544, 44.1795157], [10.3286127, 44.1798841], [10.3284824, 44.1802097], [10.3281238, 44.180394], [10.3233131, 44.1817777], [10.3171689, 44.1834018], [10.3167251, 44.18356], [10.312796, 44.1852257], [10.3125127, 44.1854271], [10.3121438, 44.1857194], [10.3085291, 44.1885968], [10.3081741, 44.188952], [10.3079314, 44.1892969], [10.3077428, 44.1898213], [10.3076896, 44.190245], [10.3072736, 44.193923], [10.308587, 44.19687], [10.3088693, 44.1971864], [10.3118712, 44.2005011], [10.3121358, 44.2007209], [10.3124693, 44.2009444], [10.3128615, 44.2011379], [10.3132907, 44.201304], [10.3137318, 44.201443], [10.3141065, 44.2015467], [10.3146471, 44.2016576], [10.3152377, 44.2017678], [10.315892, 44.2019223], [10.3164615, 44.2020688], [10.3169756, 44.2022519], [10.3176064, 44.2024787], [10.3196515, 44.2032654], [10.320106, 44.2034447], [10.3209534, 44.2038401], [10.3331186, 44.2100819], [10.3380195, 44.2136978], [10.3396537, 44.2151101], [10.347638, 44.2144625], [10.3489891, 44.2144286], [10.349804, 44.214482], [10.3504447, 44.2145824], [10.3622137, 44.2164413], [10.3626535, 44.2165171], [10.3632194, 44.2166274], [10.3650661, 44.2174516], [10.3655598, 44.2176888], [10.3761446, 44.2240169], [10.3764131, 44.2242568], [10.3887977, 44.225957], [10.3975757, 44.2286588], [10.4058114, 44.2318168], [10.4045085, 44.229159]]"
Villa Collemandina,Lucca,"43.84281,10.50238",Villa Collemandina,"44.15904725,10.39775715",10-01-2023,8:00pm,99998,"[[10.4302634, 44.2274349], [10.4357199, 44.2262321], [10.4353034, 44.2259222], [10.435084, 44.2256548], [10.434722, 44.2251822], [10.4344109, 44.224745], [10.4341088, 44.2241636], [10.4339865, 44.223769], [10.4338063, 44.223051], [10.4336631, 44.2223056], [10.433604, 44.2219372], [10.4343683, 44.2147432], [10.4345381, 44.2140028], [10.4357151, 44.2098961], [10.43438, 44.2016887], [10.4326234, 44.2016342], [10.4319467, 44.2015976], [10.431355, 44.201452], [10.4296532, 44.200429], [10.4275515, 44.1989067], [10.4255165, 44.1970325], [10.4123338, 44.1846325], [10.4121158, 44.1844101], [10.4118804, 44.1839809], [10.4063996, 44.1681626], [10.4054877, 44.1608363], [10.4055341, 44.1585759], [10.4054924, 44.1584031], [10.4054647, 44.1582887], [10.4053195, 44.1579664], [10.4051372, 44.1576625], [10.4047469, 44.1570236], [10.4045389, 44.156693], [10.4043571, 44.1564072], [10.4041383, 44.1561488], [10.4035144, 44.1556793], [10.4029571, 44.15538], [10.3954267, 44.1515739], [10.3931981, 44.1518532], [10.3895088, 44.1523663], [10.3857487, 44.152529], [10.3851607, 44.1525181], [10.3846582, 44.1524162], [10.3842416, 44.1522502], [10.3839488, 44.1520287], [10.3837421, 44.1517431], [10.3832742, 44.1509835], [10.3831051, 44.1507064], [10.382713, 44.1494417], [10.3787151, 44.1489184], [10.3789947, 44.1512603], [10.3791179, 44.1560125], [10.3791017, 44.1562557], [10.3790969, 44.1563188], [10.3787455, 44.1568002], [10.3723698, 44.1637734], [10.3682846, 44.1670815], [10.3631336, 44.172743], [10.3626488, 44.1734195], [10.36055, 44.1768027], [10.3603998, 44.1773447], [10.358949, 44.183349], [10.3588321, 44.1842507], [10.3586112, 44.189205], [10.3586335, 44.1896279], [10.3586622, 44.1899247], [10.3587719, 44.1908867], [10.3589361, 44.1914969], [10.3590296, 44.1917569], [10.3592266, 44.1921597], [10.3594347, 44.1925038], [10.3596413, 44.1927805], [10.3602035, 44.193287], [10.3606747, 44.1936415], [10.3608683, 44.193763], [10.3610555, 44.19388], [10.3614877, 44.194172], [10.362508, 44.1950061], [10.3649588, 44.1970925], [10.3652705, 44.197584], [10.365626, 44.198345], [10.3658432, 44.1990806], [10.3659406, 44.1995026], [10.3660081, 44.2002581], [10.3660018, 44.2005282], [10.3659415, 44.2011682], [10.3655582, 44.2024512], [10.3649589, 44.2046821], [10.3649459, 44.2050671], [10.3649443, 44.2051324], [10.3650873, 44.205905], [10.3651258, 44.2060846], [10.3651571, 44.2062193], [10.3662994, 44.2096132], [10.3665984, 44.2103614], [10.3666581, 44.2105093], [10.3678892, 44.211782], [10.3683222, 44.2121009], [10.3686913, 44.2123665], [10.3691364, 44.2126673], [10.3696937, 44.2129487], [10.3701238, 44.2131416], [10.3705899, 44.2132711], [10.3718972, 44.2135075], [10.3745346, 44.2138809], [10.376699, 44.2139629], [10.3772738, 44.2139199], [10.4014866, 44.2252798], [10.403456, 44.2270202], [10.4041129, 44.2283176], [10.4045085, 44.229159], [10.4058114, 44.2318168], [10.4140301, 44.2358433], [10.4302634, 44.2274349]]"
Fabbriche di Vergemoli,Lucca,"43.84281,10.50238",Fabbriche di Vergemoli,"43.99803285,10.42961115",10-01-2023,8:00pm,99998,"[[10.4138741, 44.0618284], [10.4156023, 44.0604745], [10.4162723, 44.057153], [10.4163223, 44.0567653], [10.4141973, 44.0533749], [10.4139762, 44.0531345], [10.4075517, 44.0500357], [10.4067974, 44.0498109], [10.4060454, 44.0496851], [10.4052945, 44.0496043], [10.4045967, 44.0496579], [10.3998804, 44.050283], [10.3991335, 44.0503732], [10.3968582, 44.05023], [10.3915333, 44.0481972], [10.3914483, 44.0481622], [10.3908777, 44.0479171], [10.3899245, 44.0471904], [10.3893522, 44.0467382], [10.3890942, 44.0463812], [10.3884097, 44.0453992], [10.3868839, 44.0431309], [10.3866765, 44.0422691], [10.3866434, 44.0419184], [10.3867802, 44.0415237], [10.3870982, 44.0410846], [10.3971117, 44.0275566], [10.3978646, 44.0266741], [10.3995069, 44.0248803], [10.3999843, 44.0244873], [10.4010517, 44.023718], [10.4073113, 44.0194545], [10.4216462, 44.0220275], [10.4298625, 44.0239777], [10.430352, 44.0240976], [10.4313076, 44.0244008], [10.4319765, 44.0247165], [10.4322557, 44.0249111], [10.4325603, 44.0251233], [10.432766, 44.0253729], [10.4331429, 44.0259984], [10.4337723, 44.0272599], [10.4340409, 44.0280489], [10.4342388, 44.0284965], [10.4344872, 44.0289616], [10.4346563, 44.0292476], [10.434916, 44.0296675], [10.4352258, 44.0300957], [10.4355201, 44.0303981], [10.4423186, 44.0335087], [10.4463221, 44.0339172], [10.4463772, 44.033876], [10.4467633, 44.0335875], [10.4613497, 44.0218146], [10.4668222, 44.0160454], [10.4671516, 44.015744], [10.4676888, 44.015269], [10.4689955, 44.0148326], [10.4696132, 44.0144474], [10.4730774, 44.011578], [10.4666034, 44.0037519], [10.4649969, 43.997648], [10.4644162, 43.9973673], [10.4640126, 43.9971834], [10.4634714, 43.9969833], [10.4631321, 43.9968796], [10.4566665, 43.9971783], [10.4562056, 43.9972022], [10.4548632, 43.9973904], [10.4542921, 43.9974967], [10.4536101, 43.9976584], [10.4520422, 43.998061], [10.448034, 44.0013328], [10.4345272, 43.993497], [10.4298817, 43.9918108], [10.4226643, 43.9912955], [10.4201346, 43.991372], [10.4174787, 43.9917808], [10.4175842, 43.9921509], [10.4176776, 43.9924109], [10.4177352, 43.9927343], [10.4176948, 43.9931309], [10.4176387, 43.9933927], [10.4162548, 43.9949855], [10.4156062, 43.9955067], [10.4140983, 43.9966035], [10.41373, 43.9968534], [10.4064008, 44.0015221], [10.405792, 44.0016196], [10.4053549, 44.001598], [10.3909045, 44.0007755], [10.3896929, 44.0004346], [10.3884053, 43.999775], [10.3880374, 43.9995094], [10.3877453, 43.9992878], [10.3875144, 43.9990115], [10.3873693, 43.9986712], [10.3872131, 43.9983939], [10.3837992, 43.9969318], [10.378333, 43.99463], [10.3768221, 43.994009], [10.3764468, 43.9939595], [10.3760009, 43.9940909], [10.3756181, 43.9942576], [10.3758743, 43.9945516], [10.3750055, 43.9968939], [10.3736491, 43.9997283], [10.3704802, 44.0051053], [10.368734, 44.0076877], [10.3579826, 44.0170399], [10.3506033, 44.0221423], [10.3393096, 44.0264933], [10.3247648, 44.0331498], [10.3243579, 44.0333706], [10.3241148, 44.0336615], [10.3239704, 44.0344644], [10.3245848, 44.0345924], [10.328014, 44.0357275], [10.3525071, 44.0438537], [10.3528595, 44.0439846], [10.3532503, 44.044151], [10.3544775, 44.0448747], [10.3549462, 44.0451753], [10.3606437, 44.0492401], [10.3610345, 44.0495415], [10.361404, 44.0498702], [10.3616727, 44.0501551], [10.3619707, 44.0504937], [10.3622027, 44.0508151], [10.3624098, 44.0512718], [10.3626733, 44.0518718], [10.3631411, 44.0530817], [10.3633132, 44.0536469], [10.3636412, 44.0548854], [10.3636665, 44.0554433], [10.3636206, 44.0565692], [10.3635843, 44.0571639], [10.3635472, 44.0577225], [10.3636422, 44.0580545], [10.3640515, 44.0584818], [10.369399, 44.0614969], [10.3699176, 44.0617878], [10.3723302, 44.0629923], [10.3896722, 44.0604193], [10.4138741, 44.0618284]]"
Sillano Giuncugnano,Lucca,"43.84281,10.50238",Sillano Giuncugnano,"44.2231432,10.300024",10-01-2023,8:00pm,99998,"[[10.3189733, 44.2755808], [10.3223723, 44.2757396], [10.3266509, 44.2749787], [10.3298652, 44.2735279], [10.3427552, 44.2696318], [10.3439524, 44.2693837], [10.348293, 44.2690894], [10.349323, 44.2692033], [10.3501389, 44.2693377], [10.3611201, 44.271233], [10.3715888, 44.2693792], [10.3788467, 44.2647813], [10.4012743, 44.251319], [10.4073976, 44.2493081], [10.4090085, 44.2453675], [10.4124286, 44.2406977], [10.4126434, 44.2402539], [10.4137948, 44.2376108], [10.4139762, 44.2362941], [10.4140301, 44.2358433], [10.4058114, 44.2318168], [10.3975757, 44.2286588], [10.3887977, 44.225957], [10.3764131, 44.2242568], [10.3761446, 44.2240169], [10.3655598, 44.2176888], [10.3650661, 44.2174516], [10.3632194, 44.2166274], [10.3626535, 44.2165171], [10.3622137, 44.2164413], [10.3504447, 44.2145824], [10.349804, 44.214482], [10.3489891, 44.2144286], [10.347638, 44.2144625], [10.3396537, 44.2151101], [10.3405382, 44.2182283], [10.3406126, 44.2187496], [10.3408198, 44.221259], [10.3408429, 44.2222761], [10.3406671, 44.2239077], [10.3394505, 44.2243631], [10.3367706, 44.2248897], [10.3361298, 44.2270039], [10.3356496, 44.2273606], [10.3343079, 44.2278265], [10.3332876, 44.2281085], [10.3329266, 44.2282027], [10.3324772, 44.228262], [10.331901, 44.2282507], [10.3314855, 44.2281475], [10.3310063, 44.228], [10.3301351, 44.2276771], [10.3147697, 44.2216564], [10.3065381, 44.2179696], [10.3059918, 44.2176067], [10.3042531, 44.2165372], [10.3033659, 44.2160432], [10.3029355, 44.215823], [10.3023665, 44.2155684], [10.2994153, 44.2144271], [10.2989879, 44.2143419], [10.2982725, 44.21426], [10.2977982, 44.2143195], [10.297465, 44.2162499], [10.297177, 44.2179547], [10.2972352, 44.2183232], [10.2972048, 44.2186522], [10.297149, 44.2189589], [10.2970053, 44.2192576], [10.2955055, 44.2216514], [10.2888177, 44.2261296], [10.2881858, 44.2264338], [10.2838784, 44.2274231], [10.2835036, 44.2274633], [10.2816152, 44.2275656], [10.2808166, 44.2248016], [10.2807338, 44.2244514], [10.2807374, 44.2240372], [10.2808162, 44.2236312], [10.2809346, 44.2233148], [10.2813551, 44.2224998], [10.2819365, 44.221602], [10.2823048, 44.2212647], [10.2829091, 44.2208438], [10.2836724, 44.22025], [10.2860306, 44.2183059], [10.2863487, 44.2179692], [10.2865138, 44.2174991], [10.2864703, 44.2172295], [10.2862888, 44.2169435], [10.2860358, 44.2166763], [10.2853713, 44.2160535], [10.2734633, 44.2099523], [10.2679538, 44.208105], [10.2622493, 44.2029734], [10.2603138, 44.1973093], [10.2606757, 44.1972603], [10.2610217, 44.1970584], [10.2612042, 44.1968133], [10.2622166, 44.1954337], [10.2625382, 44.1942327], [10.2626529, 44.1937453], [10.2626928, 44.1932677], [10.26268, 44.1929617], [10.2626685, 44.1927188], [10.2625209, 44.1922522], [10.2535418, 44.1864541], [10.2458684, 44.1833105], [10.2444738, 44.1828845], [10.2439452, 44.1827372], [10.2436774, 44.1830913], [10.243945, 44.1833224], [10.2443932, 44.1838127], [10.2445861, 44.1840627], [10.2447433, 44.1843941], [10.2448634, 44.1847529], [10.2448835, 44.1851128], [10.2447539, 44.1854924], [10.2446002, 44.1859172], [10.2392628, 44.1998985], [10.2389165, 44.2000913], [10.2369989, 44.2017506], [10.2367255, 44.2019944], [10.2363112, 44.2023793], [10.2360552, 44.2027062], [10.2304652, 44.2125348], [10.2299844, 44.2151419], [10.2325389, 44.2159336], [10.2347995, 44.2204782], [10.2343455, 44.2275055], [10.2335269, 44.2326731], [10.2387102, 44.2380098], [10.2386565, 44.2402251], [10.2386816, 44.240828], [10.2397462, 44.2438145], [10.2400621, 44.2445403], [10.2416837, 44.2460172], [10.2426898, 44.2468075], [10.2435934, 44.2474909], [10.2464672, 44.2504216], [10.2467812, 44.2507602], [10.2470041, 44.251379], [10.2471796, 44.2519803], [10.2471617, 44.2529078], [10.2471032, 44.2535476], [10.248111, 44.2533746], [10.2489527, 44.2534914], [10.254166, 44.2547847], [10.2549646, 44.2552261], [10.2552229, 44.2555924], [10.2555438, 44.2565432], [10.2555739, 44.2573711], [10.2555823, 44.2577672], [10.2554539, 44.2587949], [10.2552158, 44.2593827], [10.254656, 44.2601541], [10.2543113, 44.2610312], [10.2538763, 44.2629626], [10.2532621, 44.2658953], [10.2533429, 44.2667497], [10.2538567, 44.2685807], [10.2581996, 44.2697483], [10.2696738, 44.2732315], [10.2746552, 44.2764441], [10.2813074, 44.2798448], [10.2849461, 44.2811994], [10.2966163, 44.2854609], [10.3025797, 44.2848259], [10.307116, 44.2843239], [10.308101, 44.2840966], [10.3189733, 44.2755808]]"
